CustomerID,CustomerName,Gender,Age,Location
1,Rheba Dake,Female,49,Suite 45
2,Valera Wombwell,Female,46,PO Box 77021
3,Griffin Mawer,Non-binary,47,15th Floor
4,Harcourt Iacovides,Male,62,3rd Floor
5,Dene Agent,Male,43,PO Box 75583
6,Jilly O'Heffernan,Female,83,Room 1388
7,Brittne Vidloc,Female,59,PO Box 54526
8,Celestyna Banck,Female,76,Apt 1246
9,Pippa Sandercock,Non-binary,65,Room 1870
10,Jojo Vasyutochkin,Female,22,Room 452
11,Alain Wheater,Male,82,Apt 642
12,Gregorio Newbegin,Male,30,Suite 76
13,Giustino Boddie,Male,77,Apt 509
14,Chandra Alvis,Female,82,Suite 45
15,Ilsa Putterill,Female,72,Apt 1756
16,Lulu Morando,Female,60,PO Box 14914
17,Abie Delort,Male,26,Suite 5
18,Zelda Wetherell,Female,69,Suite 36
19,Wilie Branson,Female,64,PO Box 42424
20,Spence Thomelin,Male,59,Suite 59
21,Melicent Meachen,Female,49,16th Floor
22,Joellyn Sangra,Female,77,Apt 194
23,Barton Giacomozzo,Male,44,15th Floor
24,Jeff Wilber,Genderqueer,51,Room 1900
25,Nadia Argabrite,Female,48,Room 1262
26,Melvin Deamer,Male,44,Suite 42
27,Dyana Porter,Female,37,Apt 681
28,Heinrick Grigoriscu,Male,49,18th Floor
29,Rafaelita Fellman,Female,65,PO Box 57591
30,Eben Kingdon,Male,83,Apt 449
31,Bliss Lente,Female,74,PO Box 44371
32,Danny McIntosh,Agender,54,13th Floor
33,Vinnie Treverton,Male,20,Suite 61
34,Knox Gabbidon,Male,20,PO Box 40452
35,Farlee Saggers,Male,68,10th Floor
36,York Pinching,Male,73,PO Box 27487
37,Dav Gerhardt,Male,76,Apt 841
38,Elie Meeron,Female,46,Suite 74
39,Cam Corey,Female,40,Room 1261
40,Frasquito Palister,Male,81,Apt 1337
41,Anallese Luggar,Female,34,Room 1471
42,Giulia Reston,Female,66,Suite 89
43,Ly Lief,Male,55,PO Box 58371
44,Olly Domenichini,Female,65,6th Floor
45,Aldrich Moyler,Male,69,PO Box 62247
46,Sallie Parcall,Female,36,15th Floor
47,Trip Sapshed,Male,43,16th Floor
48,Lebbie Lisciandri,Female,70,Suite 99
49,Brett Reignard,Female,47,PO Box 32447
50,Ynez Skeemer,Female,74,Room 1509
